district,year,rainfall_mm,yield_t_ha
0,0,828.4,3.397
0,1,721.6,2.858
0,2,738.0,3.278
0,3,260.3,1.638
0,4,1070.0,4.206
0,5,971.6,3.704
0,6,751.2,2.646
0,7,549.6,2.081
0,8,842.2,3.226
0,9,716.9,3.316
1,0,946.6,3.598
1,1,753.4,3.100
1,2,750.7,3.018
1,3,408.7,2.406
1,4,868.2,3.465
1,5,785.1,3.233
1,6,881.8,3.158
1,7,425.4,2.560
1,8,819.0,3.588
1,9,666.2,2.540
2,0,926.2,4.091
2,1,828.2,3.451
2,2,849.6,3.202
2,3,516.9,2.016
2,4,648.4,2.985
2,5,917.5,3.633
2,6,1108.5,3.822
2,7,332.5,1.584
2,8,540.6,2.833
2,9,574.3,2.489
3,0,926.2,3.398
3,1,819.3,3.960
3,2,961.8,4.136
3,3,545.0,2.801
3,4,831.6,3.165
3,5,842.6,3.469
3,6,774.5,2.566
3,7,558.2,2.622
3,8,630.5,2.586
3,9,736.7,2.720
4,0,836.4,2.895
4,1,1070.2,4.007
4,2,685.3,2.936
4,3,382.9,2.197
4,4,715.5,3.199
4,5,945.4,3.352
4,6,764.7,2.803
4,7,599.2,2.254
4,8,519.1,2.414
4,9,969.3,3.813
5,0,955.2,3.551
5,1,587.2,2.828
5,2,823.0,2.962
5,3,589.4,2.556
5,4,813.2,3.041
5,5,950.0,3.263
5,6,1156.2,4.555
5,7,504.7,2.675
5,8,757.9,2.904
5,9,684.3,2.719
6,0,897.2,3.429
6,1,770.5,2.766
6,2,773.2,3.242
6,3,470.5,2.053
6,4,897.5,3.351
6,5,640.0,2.544
6,6,570.5,2.506
6,7,261.0,1.520
6,8,979.8,3.256
6,9,811.1,2.986
7,0,1026.5,3.596
7,1,798.7,3.123
7,2,688.7,2.939
7,3,523.0,2.889
7,4,788.5,3.374
7,5,611.9,2.666
7,6,667.2,3.050
7,7,639.0,2.625
7,8,853.2,3.695
7,9,862.5,3.494
8,0,758.5,2.757
8,1,696.5,3.130
8,2,933.7,3.738
8,3,470.6,1.705
8,4,686.1,2.728
8,5,779.9,3.031
8,6,664.2,2.378
8,7,497.1,2.176
8,8,969.4,3.386
8,9,674.6,3.013
9,0,1014.3,3.811
9,1,699.9,3.606
9,2,823.0,3.159
9,3,404.7,2.500
9,4,766.7,3.136
9,5,807.1,3.286
9,6,734.8,2.747
9,7,416.7,1.764
9,8,698.3,2.754
9,9,676.8,3.083
10,0,564.5,3.007
10,1,760.6,3.252
10,2,860.2,3.475
10,3,561.8,2.395
10,4,897.1,3.826
10,5,1168.6,4.457
10,6,847.8,3.187
10,7,438.9,2.286
10,8,1080.7,3.653
10,9,642.9,3.174
11,0,945.3,3.665
11,1,656.7,2.818
11,2,853.1,3.435
11,3,302.8,2.067
11,4,934.9,3.434
11,5,776.3,2.830
11,6,654.8,2.516
11,7,631.1,2.343
11,8,914.8,3.602
11,9,806.9,3.772
12,0,688.2,2.496
12,1,793.5,3.218
12,2,775.4,3.241
12,3,545.2,2.317
12,4,919.7,3.550
12,5,699.8,2.675
12,6,717.6,3.294
12,7,432.1,2.132
12,8,597.6,2.719
12,9,711.3,3.149
13,0,786.1,3.058
13,1,903.6,3.011
13,2,998.1,3.562
13,3,407.2,2.409
13,4,882.6,3.385
13,5,733.3,3.091
13,6,1111.3,3.708
13,7,475.6,2.425
13,8,875.3,3.570
13,9,659.6,2.858
14,0,678.4,3.373
14,1,830.3,3.224
14,2,742.4,2.796
14,3,511.8,2.075
14,4,565.7,2.902
14,5,899.3,3.433
14,6,665.1,3.116
14,7,635.0,2.902
14,8,756.7,3.498
14,9,964.6,3.928
15,0,590.8,2.582
15,1,864.3,3.429
15,2,666.8,3.138
15,3,436.2,1.981
15,4,803.7,3.572
15,5,752.4,3.384
15,6,839.6,3.545
15,7,547.3,2.518
15,8,897.9,3.520
15,9,786.9,2.888
16,0,595.5,2.703
16,1,679.3,2.751
16,2,770.6,3.148
16,3,289.0,1.799
16,4,912.8,3.553
16,5,764.1,3.405
16,6,762.3,2.778
16,7,565.4,2.845
16,8,900.2,2.953
16,9,833.2,2.743
17,0,649.8,2.795
17,1,846.6,3.318
17,2,851.9,3.441
17,3,400.4,1.789
17,4,956.5,3.576
17,5,876.2,3.422
17,6,504.6,2.775
17,7,491.0,2.401
17,8,610.3,2.858
17,9,970.4,3.382
18,0,921.1,3.456
18,1,634.5,2.675
18,2,667.3,3.044
18,3,489.2,2.176
18,4,764.2,2.902
18,5,1028.8,3.916
18,6,911.1,3.925
18,7,454.6,2.432
18,8,886.6,3.492
18,9,495.2,2.351
19,0,846.5,3.588
19,1,930.0,3.660
19,2,773.2,3.566
19,3,416.1,2.323
19,4,884.9,3.175
19,5,1093.8,3.792
19,6,830.7,3.030
19,7,379.1,1.835
19,8,1016.9,4.058
19,9,518.2,2.697
